email_id,agent_name,true_label,prediction,confidence,rag_retrieved_labels,rag_retrieved_ids
5179,binary,legitimate,legitimate,0.8,,
4443,binary,phishing,legitimate,0.8,,
14307,binary,legitimate,legitimate,0.8,,
8204,binary,legitimate,legitimate,0.8,,
2761,binary,legitimate,legitimate,0.95,,
16567,binary,legitimate,legitimate,0.99,,
11969,binary,legitimate,legitimate,0.95,,
12111,binary,legitimate,phishing,0.8,,
13285,binary,legitimate,legitimate,0.95,,
5548,binary,legitimate,legitimate,0.8,,
21284,binary,legitimate,legitimate,0.95,,
24636,binary,legitimate,legitimate,0.8,,
17313,binary,phishing,phishing,0.95,,
24774,binary,legitimate,legitimate,1.0,,
1684,binary,legitimate,legitimate,0.8,,
7141,binary,legitimate,legitimate,0.8,,
10800,binary,legitimate,legitimate,0.99,,
22621,binary,phishing,legitimate,0.8,,
10508,binary,phishing,phishing,0.95,,
24193,binary,phishing,phishing,0.95,,
26371,binary,phishing,legitimate,0.8,,
15789,binary,phishing,legitimate,0.8,,
5177,binary,legitimate,phishing,0.95,,
20308,binary,phishing,legitimate,0.8,,
7858,binary,legitimate,legitimate,0.95,,
20616,binary,phishing,legitimate,0.9,,
25604,binary,legitimate,legitimate,0.8,,
14163,binary,legitimate,legitimate,0.8,,
9749,binary,phishing,legitimate,0.8,,
6204,binary,legitimate,legitimate,0.95,,
3918,binary,phishing,phishing,0.95,,
27324,binary,phishing,phishing,0.95,,
10499,binary,phishing,legitimate,0.9,,
17964,binary,phishing,legitimate,0.8,,
9858,binary,phishing,legitimate,0.95,,
21147,binary,legitimate,legitimate,0.8,,
8852,binary,legitimate,legitimate,0.99,,
29102,binary,phishing,legitimate,0.8,,
632,binary,legitimate,legitimate,0.99,,
16484,binary,legitimate,legitimate,0.8,,
9295,binary,phishing,legitimate,0.8,,
16010,binary,legitimate,legitimate,0.99,,
60,binary,legitimate,legitimate,0.95,,
7120,binary,legitimate,legitimate,0.8,,
10463,binary,phishing,legitimate,0.8,,
12771,binary,legitimate,legitimate,0.8,,
7982,binary,legitimate,legitimate,0.95,,
23993,binary,phishing,legitimate,0.8,,
26184,binary,phishing,legitimate,0.8,,
19179,binary,phishing,legitimate,0.8,,
13534,binary,legitimate,legitimate,0.95,,
8617,binary,legitimate,legitimate,0.8,,
10097,binary,phishing,phishing,0.95,,
4185,binary,phishing,legitimate,0.8,,
11826,binary,legitimate,legitimate,0.99,,
13034,binary,legitimate,legitimate,0.8,,
11506,binary,legitimate,legitimate,0.99,,
29220,binary,phishing,legitimate,0.8,,
13690,binary,legitimate,legitimate,0.99,,
19599,binary,phishing,legitimate,0.8,,
25291,binary,legitimate,legitimate,0.95,,
7716,binary,legitimate,legitimate,0.99,,
21163,binary,legitimate,legitimate,1.0,,
24183,binary,phishing,legitimate,0.95,,
26433,binary,phishing,legitimate,0.8,,
21008,binary,phishing,legitimate,1.0,,
6549,binary,legitimate,legitimate,0.8,,
8824,binary,legitimate,legitimate,0.8,,
23785,binary,phishing,legitimate,0.8,,
22211,binary,legitimate,legitimate,0.95,,
19400,binary,phishing,legitimate,0.99,,
20172,binary,phishing,phishing,0.95,,
10935,binary,legitimate,legitimate,0.8,,
21954,binary,legitimate,legitimate,0.95,,
9721,binary,phishing,phishing,0.95,,
20065,binary,phishing,legitimate,0.9,,
6735,binary,legitimate,legitimate,0.8,,
10843,binary,legitimate,legitimate,1.0,,
25333,binary,legitimate,legitimate,0.95,,
1716,binary,legitimate,legitimate,0.8,,
17536,binary,phishing,phishing,0.8,,
17600,binary,phishing,phishing,0.95,,
19985,binary,phishing,phishing,0.95,,
8407,binary,legitimate,legitimate,0.8,,
16062,binary,legitimate,legitimate,0.99,,
24097,binary,phishing,legitimate,0.8,,
12313,binary,legitimate,legitimate,0.95,,
11432,binary,legitimate,legitimate,0.8,,
2207,binary,legitimate,legitimate,1.0,,
7441,binary,legitimate,legitimate,0.99,,
345,binary,legitimate,legitimate,1.0,,
16219,binary,legitimate,legitimate,0.95,,
7802,binary,legitimate,legitimate,0.95,,
25789,binary,legitimate,legitimate,0.95,,
16836,binary,legitimate,legitimate,0.99,,
6093,binary,legitimate,legitimate,0.8,,
13126,binary,legitimate,legitimate,0.8,,
25417,binary,legitimate,legitimate,0.99,,
689,binary,legitimate,legitimate,0.8,,
27894,binary,phishing,legitimate,0.8,,
12046,binary,legitimate,legitimate,0.8,,
4503,binary,phishing,legitimate,0.8,,
15075,binary,phishing,legitimate,0.8,,
96,binary,legitimate,legitimate,0.8,,
28842,binary,phishing,phishing,0.95,,
12966,binary,legitimate,legitimate,0.8,,
22857,binary,phishing,legitimate,0.8,,
3267,binary,legitimate,legitimate,1.0,,
25744,binary,legitimate,legitimate,1.0,,
16105,binary,legitimate,legitimate,0.95,,
25854,binary,legitimate,legitimate,0.99,,
6183,binary,legitimate,legitimate,0.8,,
24154,binary,phishing,legitimate,0.95,,
10427,binary,phishing,legitimate,0.8,,
27565,binary,phishing,legitimate,0.8,,
7099,binary,legitimate,phishing,0.95,,
25323,binary,legitimate,legitimate,0.8,,
1897,binary,legitimate,legitimate,0.8,,
3312,binary,legitimate,legitimate,0.8,,
9681,binary,phishing,legitimate,0.8,,
11847,binary,legitimate,legitimate,0.8,,
26963,binary,phishing,phishing,0.95,,
11815,binary,legitimate,legitimate,0.8,,
27947,binary,phishing,legitimate,1.0,,
21682,binary,legitimate,legitimate,0.8,,
25387,binary,legitimate,legitimate,0.95,,
14224,binary,legitimate,legitimate,0.95,,
22831,binary,phishing,legitimate,0.8,,
13805,binary,legitimate,legitimate,0.99,,
964,binary,legitimate,legitimate,0.99,,
21550,binary,legitimate,legitimate,0.95,,
17446,binary,phishing,phishing,0.95,,
27594,binary,phishing,legitimate,0.8,,
766,binary,legitimate,legitimate,0.95,,
5359,binary,legitimate,legitimate,0.8,,
10932,binary,legitimate,legitimate,0.8,,
26559,binary,phishing,legitimate,0.8,,
8648,binary,legitimate,legitimate,0.95,,
16622,binary,legitimate,legitimate,1.0,,
18571,binary,phishing,phishing,0.95,,
4785,binary,phishing,legitimate,0.8,,
17149,binary,legitimate,legitimate,0.95,,
8136,binary,legitimate,legitimate,0.8,,
24842,binary,legitimate,legitimate,0.99,,
17235,binary,legitimate,legitimate,0.99,,
26856,binary,phishing,legitimate,0.8,,
13963,binary,legitimate,legitimate,0.95,,
26489,binary,phishing,legitimate,0.8,,
11710,binary,legitimate,legitimate,0.8,,
25653,binary,legitimate,legitimate,0.8,,
19405,binary,phishing,legitimate,0.8,,
10783,binary,legitimate,legitimate,1.0,,
21765,binary,legitimate,legitimate,0.8,,
1905,binary,legitimate,legitimate,0.8,,
26600,binary,phishing,legitimate,0.9,,
5487,binary,legitimate,legitimate,0.9,,
7354,binary,legitimate,legitimate,0.95,,
15180,binary,phishing,legitimate,0.8,,
29403,binary,phishing,legitimate,0.8,,
1544,binary,legitimate,legitimate,0.8,,
2787,binary,legitimate,legitimate,0.8,,
19076,binary,phishing,legitimate,0.8,,
3198,binary,legitimate,legitimate,0.8,,
7059,binary,legitimate,legitimate,0.8,,
2241,binary,legitimate,legitimate,0.8,,
24665,binary,legitimate,legitimate,0.95,,
6469,binary,legitimate,legitimate,0.8,,
9888,binary,phishing,phishing,0.95,,
17517,binary,phishing,legitimate,0.9,,
6615,binary,legitimate,legitimate,0.8,,
7916,binary,legitimate,legitimate,0.95,,
22126,binary,legitimate,legitimate,0.8,,
28794,binary,phishing,phishing,0.8,,
13318,binary,legitimate,legitimate,0.99,,
26654,binary,phishing,legitimate,0.8,,
23304,binary,phishing,phishing,0.95,,
22708,binary,phishing,phishing,0.95,,
4278,binary,phishing,legitimate,0.8,,
6416,binary,legitimate,legitimate,0.99,,
16130,binary,legitimate,legitimate,0.99,,
21841,binary,legitimate,legitimate,0.8,,
23969,binary,phishing,legitimate,0.8,,
15609,binary,phishing,legitimate,0.8,,
9874,binary,phishing,legitimate,0.8,,
22342,binary,legitimate,legitimate,0.99,,
15814,binary,phishing,legitimate,0.8,,
7768,binary,legitimate,legitimate,0.8,,
3680,binary,phishing,legitimate,0.8,,
29114,binary,phishing,legitimate,0.8,,
12094,binary,legitimate,legitimate,0.99,,
15575,binary,phishing,phishing,0.95,,
20868,binary,phishing,legitimate,0.8,,
14861,binary,phishing,phishing,0.8,,
4825,binary,phishing,phishing,0.95,,
29417,binary,phishing,legitimate,0.8,,
14171,binary,legitimate,legitimate,0.8,,
8045,binary,legitimate,legitimate,0.95,,
3956,binary,phishing,legitimate,0.8,,
7404,binary,legitimate,legitimate,0.8,,
311,binary,legitimate,legitimate,0.9,,
9188,binary,phishing,legitimate,1.0,,
4269,binary,phishing,legitimate,0.8,,
5551,binary,legitimate,legitimate,0.8,,
1008,binary,legitimate,legitimate,0.8,,
28035,binary,phishing,phishing,0.95,,
16090,binary,legitimate,legitimate,0.99,,
6476,binary,legitimate,legitimate,0.8,,
17984,binary,phishing,phishing,0.95,,
23473,binary,phishing,legitimate,0.8,,
23257,binary,phishing,legitimate,0.8,,
7411,binary,legitimate,legitimate,0.8,,
16492,binary,legitimate,legitimate,0.99,,
22303,binary,legitimate,legitimate,0.8,,
25905,binary,legitimate,legitimate,0.8,,
13170,binary,legitimate,legitimate,0.99,,
27370,binary,phishing,legitimate,0.8,,
13336,binary,legitimate,legitimate,0.95,,
26882,binary,phishing,phishing,0.95,,
24171,binary,phishing,legitimate,0.8,,
1460,binary,legitimate,legitimate,0.8,,
27649,binary,phishing,legitimate,0.8,,
11764,binary,legitimate,legitimate,0.8,,
26877,binary,phishing,legitimate,0.8,,
24130,binary,phishing,phishing,0.95,,
19960,binary,phishing,phishing,0.8,,
8352,binary,legitimate,legitimate,1.0,,
22951,binary,phishing,phishing,0.95,,
10530,binary,phishing,legitimate,0.8,,
7223,binary,legitimate,legitimate,0.95,,
5702,binary,legitimate,legitimate,0.99,,
5352,binary,legitimate,legitimate,0.8,,
8236,binary,legitimate,legitimate,0.8,,
19909,binary,phishing,phishing,0.95,,
18506,binary,phishing,phishing,0.8,,
2220,binary,legitimate,legitimate,0.99,,
9885,binary,phishing,phishing,0.95,,
11959,binary,legitimate,legitimate,0.8,,
6413,binary,legitimate,legitimate,0.8,,
28579,binary,phishing,legitimate,0.8,,
21895,binary,legitimate,legitimate,0.95,,
14600,binary,phishing,legitimate,0.8,,
156,binary,legitimate,legitimate,0.95,,
6145,binary,legitimate,legitimate,1.0,,
24543,binary,phishing,legitimate,0.8,,
14426,binary,phishing,legitimate,0.8,,
23501,binary,phishing,phishing,0.95,,
16438,binary,legitimate,legitimate,0.95,,
17199,binary,legitimate,legitimate,0.99,,
22974,binary,phishing,legitimate,0.8,,
10807,binary,legitimate,legitimate,0.95,,
4411,binary,phishing,phishing,0.95,,
11789,binary,legitimate,legitimate,0.8,,
19308,binary,phishing,legitimate,0.8,,
12282,binary,legitimate,legitimate,0.95,,
11424,binary,legitimate,legitimate,0.8,,
13147,binary,legitimate,legitimate,0.8,,
15343,binary,phishing,legitimate,0.8,,
25205,binary,legitimate,legitimate,0.8,,
6522,binary,legitimate,legitimate,0.8,,
12995,binary,legitimate,legitimate,0.99,,
5654,binary,legitimate,legitimate,0.95,,
28300,binary,phishing,legitimate,0.8,,
22202,binary,legitimate,legitimate,1.0,,
14439,binary,phishing,phishing,0.95,,
3353,binary,legitimate,legitimate,0.8,,
27407,binary,phishing,legitimate,1.0,,
4972,binary,legitimate,legitimate,0.99,,
19239,binary,phishing,legitimate,0.8,,
21117,binary,legitimate,legitimate,0.8,,
1734,binary,legitimate,legitimate,0.95,,
17141,binary,legitimate,legitimate,0.99,,
14956,binary,phishing,legitimate,0.8,,
21116,binary,legitimate,legitimate,0.8,,
1623,binary,legitimate,legitimate,0.8,,
16675,binary,legitimate,legitimate,0.8,,
12997,binary,legitimate,legitimate,0.8,,
18794,binary,phishing,phishing,0.95,,
10840,binary,legitimate,legitimate,0.99,,
14706,binary,phishing,legitimate,0.9,,
3546,binary,phishing,phishing,0.8,,
24198,binary,phishing,legitimate,0.8,,
17188,binary,legitimate,legitimate,0.99,,
21708,binary,legitimate,legitimate,0.8,,
2786,binary,legitimate,legitimate,0.95,,
6961,binary,legitimate,legitimate,0.95,,
23289,binary,phishing,phishing,0.95,,
8652,binary,legitimate,legitimate,0.8,,
26748,binary,phishing,phishing,0.95,,
20959,binary,phishing,legitimate,0.8,,
14033,binary,legitimate,legitimate,0.8,,
26128,binary,phishing,phishing,0.8,,
16753,binary,legitimate,legitimate,0.95,,
24194,binary,phishing,legitimate,0.8,,
17093,binary,legitimate,legitimate,0.99,,
7090,binary,legitimate,legitimate,0.8,,
23165,binary,phishing,legitimate,0.8,,
13630,binary,legitimate,legitimate,0.99,,
5198,binary,legitimate,legitimate,0.95,,
28375,binary,phishing,phishing,0.95,,
2600,binary,legitimate,legitimate,1.0,,
14001,binary,legitimate,legitimate,0.99,,
6262,binary,legitimate,legitimate,0.8,,
21834,binary,legitimate,legitimate,0.8,,
27456,binary,phishing,legitimate,0.8,,
21583,binary,legitimate,legitimate,1.0,,
2211,binary,legitimate,legitimate,0.99,,
21417,binary,legitimate,legitimate,0.8,,
19808,binary,phishing,phishing,0.8,,
26851,binary,phishing,legitimate,0.8,,
4180,binary,phishing,phishing,0.8,,
28235,binary,phishing,legitimate,0.8,,
61,binary,legitimate,legitimate,0.95,,
9521,binary,phishing,legitimate,0.8,,
19087,binary,phishing,legitimate,0.8,,
21288,binary,legitimate,legitimate,1.0,,
17526,binary,phishing,legitimate,0.8,,
21617,binary,legitimate,legitimate,0.8,,
25992,binary,legitimate,legitimate,0.9,,
3881,binary,phishing,phishing,0.95,,
15496,binary,phishing,legitimate,0.8,,
22450,binary,phishing,legitimate,0.8,,
16749,binary,legitimate,legitimate,0.8,,
14917,binary,phishing,legitimate,0.8,,
5585,binary,legitimate,legitimate,0.95,,
12253,binary,legitimate,legitimate,0.8,,
24303,binary,phishing,legitimate,0.8,,
14165,binary,legitimate,legitimate,0.8,,
3809,binary,phishing,legitimate,0.8,,
20869,binary,phishing,legitimate,0.8,,
1912,binary,legitimate,phishing,0.5,,
28613,binary,phishing,legitimate,0.8,,
6598,binary,legitimate,legitimate,1.0,,
1224,binary,legitimate,legitimate,0.95,,
5337,binary,legitimate,legitimate,0.8,,
24930,binary,legitimate,legitimate,0.95,,
15633,binary,phishing,legitimate,1.0,,
11865,binary,legitimate,legitimate,0.95,,
26772,binary,phishing,legitimate,0.8,,
25930,binary,legitimate,legitimate,0.95,,
17165,binary,legitimate,legitimate,0.99,,
19476,binary,phishing,phishing,0.95,,
15516,binary,phishing,phishing,0.95,,
28541,binary,phishing,legitimate,0.8,,
8952,binary,legitimate,legitimate,0.8,,
7955,binary,legitimate,legitimate,0.8,,
4039,binary,phishing,phishing,0.95,,
183,binary,legitimate,legitimate,0.95,,
8227,binary,legitimate,legitimate,0.95,,
15400,binary,phishing,phishing,0.95,,
2430,binary,legitimate,legitimate,0.8,,
7498,binary,legitimate,legitimate,0.8,,
2759,binary,legitimate,legitimate,0.99,,
7988,binary,legitimate,legitimate,0.99,,
6225,binary,legitimate,legitimate,0.95,,
1091,binary,legitimate,legitimate,0.8,,
18555,binary,phishing,legitimate,0.8,,
16390,binary,legitimate,legitimate,0.95,,
16566,binary,legitimate,legitimate,0.95,,
18917,binary,phishing,phishing,0.8,,
7267,binary,legitimate,legitimate,0.95,,
15585,binary,phishing,legitimate,0.8,,
25411,binary,legitimate,legitimate,0.95,,
22552,binary,phishing,legitimate,0.8,,
7094,binary,legitimate,legitimate,0.8,,
18389,binary,phishing,legitimate,0.8,,
26210,binary,phishing,legitimate,0.95,,
4378,binary,phishing,legitimate,0.8,,
7565,binary,legitimate,legitimate,0.8,,
27614,binary,phishing,legitimate,0.8,,
6570,binary,legitimate,legitimate,0.8,,
16238,binary,legitimate,legitimate,1.0,,
21773,binary,legitimate,legitimate,0.99,,
6409,binary,legitimate,legitimate,0.8,,
26852,binary,phishing,legitimate,0.8,,
11754,binary,legitimate,legitimate,0.99,,
12383,binary,legitimate,legitimate,0.99,,
22756,binary,phishing,legitimate,0.8,,
27928,binary,phishing,phishing,0.95,,
11486,binary,legitimate,legitimate,0.8,,
6697,binary,legitimate,legitimate,0.8,,
18378,binary,phishing,legitimate,0.8,,
23189,binary,phishing,legitimate,0.8,,
8762,binary,legitimate,legitimate,0.99,,
393,binary,legitimate,legitimate,0.95,,
20055,binary,phishing,phishing,0.8,,
15762,binary,phishing,legitimate,0.8,,
17017,binary,legitimate,legitimate,0.95,,
3909,binary,phishing,phishing,0.8,,
5909,binary,legitimate,legitimate,0.95,,
5697,binary,legitimate,legitimate,0.8,,
8113,binary,legitimate,legitimate,0.8,,
18641,binary,phishing,legitimate,0.8,,
7960,binary,legitimate,legitimate,0.99,,
14699,binary,phishing,legitimate,0.8,,
25115,binary,legitimate,legitimate,0.8,,
20655,binary,phishing,phishing,0.95,,
19536,binary,phishing,legitimate,0.8,,
24463,binary,phishing,phishing,0.8,,
3044,binary,legitimate,legitimate,0.95,,
11468,binary,legitimate,legitimate,0.95,,
27897,binary,phishing,legitimate,0.8,,
15168,binary,phishing,phishing,0.95,,
12171,binary,legitimate,legitimate,0.8,,
17168,binary,legitimate,legitimate,0.95,,
18628,binary,phishing,legitimate,0.8,,
15989,binary,legitimate,legitimate,0.99,,
10063,binary,phishing,legitimate,0.8,,
1385,binary,legitimate,legitimate,0.99,,
18470,binary,phishing,legitimate,0.8,,
11134,binary,legitimate,legitimate,1.0,,
6761,binary,legitimate,legitimate,1.0,,
28691,binary,phishing,legitimate,0.8,,
2391,binary,legitimate,legitimate,0.99,,
15324,binary,phishing,phishing,0.8,,
1600,binary,legitimate,legitimate,0.8,,
5495,binary,legitimate,legitimate,0.95,,
10789,binary,legitimate,legitimate,0.99,,
23642,binary,phishing,phishing,0.8,,
23280,binary,phishing,legitimate,0.95,,
15392,binary,phishing,legitimate,0.8,,
24827,binary,legitimate,legitimate,0.9,,
8525,binary,legitimate,legitimate,0.8,,
16335,binary,legitimate,legitimate,0.99,,
16482,binary,legitimate,legitimate,0.99,,
17243,binary,legitimate,legitimate,0.99,,
21630,binary,legitimate,legitimate,0.8,,
17312,binary,phishing,legitimate,0.8,,
2622,binary,legitimate,legitimate,0.8,,
22049,binary,legitimate,legitimate,0.95,,
28376,binary,phishing,legitimate,0.8,,
7105,binary,legitimate,legitimate,0.95,,
24203,binary,phishing,legitimate,0.8,,
21498,binary,legitimate,legitimate,0.99,,
11157,binary,legitimate,legitimate,0.8,,
25232,binary,legitimate,legitimate,0.99,,
29152,binary,phishing,legitimate,0.7,,
21836,binary,legitimate,legitimate,0.95,,
1611,binary,legitimate,legitimate,0.8,,
9543,binary,phishing,legitimate,0.8,,
23240,binary,phishing,legitimate,0.8,,
14857,binary,phishing,legitimate,0.8,,
24659,binary,legitimate,legitimate,0.8,,
15438,binary,phishing,phishing,0.95,,
21458,binary,legitimate,legitimate,0.95,,
529,binary,legitimate,legitimate,0.95,,
27044,binary,phishing,legitimate,0.8,,
13086,binary,legitimate,legitimate,0.9,,
29199,binary,phishing,legitimate,0.8,,
13024,binary,legitimate,legitimate,0.8,,
23155,binary,phishing,legitimate,0.8,,
28168,binary,phishing,phishing,0.95,,
5966,binary,legitimate,legitimate,1.0,,
13816,binary,legitimate,legitimate,0.8,,
10931,binary,legitimate,legitimate,1.0,,
13698,binary,legitimate,legitimate,0.8,,
265,binary,legitimate,phishing,0.95,,
11403,binary,legitimate,legitimate,0.8,,
10145,binary,phishing,legitimate,0.9,,
2796,binary,legitimate,legitimate,0.8,,
13485,binary,legitimate,legitimate,0.8,,
8574,binary,legitimate,legitimate,1.0,,
24018,binary,phishing,phishing,0.95,,
2080,binary,legitimate,legitimate,0.8,,
16235,binary,legitimate,legitimate,0.8,,
9742,binary,phishing,phishing,0.95,,
9015,binary,legitimate,legitimate,0.8,,
22426,binary,legitimate,legitimate,0.8,,
29450,binary,phishing,legitimate,0.8,,
10446,binary,phishing,legitimate,0.8,,
3093,binary,legitimate,legitimate,0.95,,
16804,binary,legitimate,legitimate,0.99,,
29574,binary,phishing,legitimate,0.8,,
15760,binary,phishing,legitimate,0.8,,
3400,binary,legitimate,legitimate,0.95,,
17697,binary,phishing,phishing,0.95,,
17784,binary,phishing,legitimate,0.8,,
3753,binary,phishing,phishing,0.95,,
21050,binary,phishing,legitimate,0.8,,
25280,binary,legitimate,legitimate,0.99,,
29376,binary,phishing,legitimate,0.95,,
22063,binary,legitimate,legitimate,0.8,,
17405,binary,phishing,legitimate,0.8,,
7072,binary,legitimate,legitimate,0.8,,
21703,binary,legitimate,legitimate,0.95,,
24719,binary,legitimate,phishing,0.8,,
4052,binary,phishing,legitimate,0.8,,
6502,binary,legitimate,phishing,0.8,,
21040,binary,phishing,legitimate,0.8,,
838,binary,legitimate,legitimate,0.95,,
25540,binary,legitimate,legitimate,1.0,,
29310,binary,phishing,phishing,0.95,,
3660,binary,phishing,legitimate,0.9,,
4461,binary,phishing,legitimate,0.8,,
29079,binary,phishing,phishing,0.8,,
9633,binary,phishing,legitimate,0.8,,
9683,binary,phishing,legitimate,0.8,,
6035,binary,legitimate,legitimate,0.95,,
5446,binary,legitimate,legitimate,0.8,,
6276,binary,legitimate,legitimate,0.95,,
28054,binary,phishing,legitimate,0.8,,
20465,binary,phishing,legitimate,0.8,,
14456,binary,phishing,legitimate,0.8,,
11451,binary,legitimate,legitimate,0.95,,
22926,binary,phishing,legitimate,0.8,,
7546,binary,legitimate,legitimate,0.8,,
17151,binary,legitimate,legitimate,0.99,,
6815,binary,legitimate,legitimate,0.8,,
10475,binary,phishing,legitimate,0.8,,
21587,binary,legitimate,legitimate,0.95,,
19070,binary,phishing,legitimate,0.8,,
5193,binary,legitimate,legitimate,0.8,,
1402,binary,legitimate,legitimate,0.99,,
18977,binary,phishing,legitimate,0.8,,
22804,binary,phishing,legitimate,0.8,,
7557,binary,legitimate,phishing,0.8,,
7516,binary,legitimate,legitimate,0.8,,
26830,binary,phishing,legitimate,0.8,,
9289,binary,phishing,legitimate,0.8,,
26126,binary,phishing,legitimate,0.8,,
3467,binary,legitimate,phishing,0.8,,
12542,binary,legitimate,legitimate,0.95,,
27821,binary,phishing,legitimate,0.8,,
13197,binary,legitimate,phishing,0.8,,
2076,binary,legitimate,legitimate,0.95,,
14788,binary,phishing,legitimate,0.8,,
27596,binary,phishing,legitimate,0.8,,
4087,binary,phishing,phishing,0.95,,
12756,binary,legitimate,legitimate,0.99,,
12397,binary,legitimate,legitimate,0.99,,
15938,binary,legitimate,legitimate,0.95,,
1025,binary,legitimate,legitimate,0.95,,
19020,binary,phishing,legitimate,0.8,,
2366,binary,legitimate,legitimate,0.99,,
3862,binary,phishing,legitimate,0.8,,
12000,binary,legitimate,phishing,0.8,,
24712,binary,legitimate,legitimate,0.8,,
9886,binary,phishing,legitimate,0.8,,
18784,binary,phishing,phishing,0.8,,
13029,binary,legitimate,legitimate,0.8,,
7114,binary,legitimate,legitimate,0.8,,
15615,binary,phishing,legitimate,0.8,,
12549,binary,legitimate,legitimate,0.9,,
5886,binary,legitimate,legitimate,0.8,,
8317,binary,legitimate,legitimate,1.0,,
14354,binary,phishing,phishing,0.95,,
13283,binary,legitimate,legitimate,0.8,,
4903,binary,legitimate,legitimate,0.99,,
16290,binary,legitimate,legitimate,0.8,,
1724,binary,legitimate,legitimate,0.99,,
23201,binary,phishing,legitimate,0.8,,
16600,binary,legitimate,legitimate,0.8,,
7173,binary,legitimate,legitimate,0.95,,
2781,binary,legitimate,legitimate,0.8,,
26160,binary,phishing,phishing,0.8,,
13629,binary,legitimate,legitimate,0.99,,
24832,binary,legitimate,legitimate,0.8,,
10887,binary,legitimate,legitimate,0.95,,
261,binary,legitimate,legitimate,0.8,,
12898,binary,legitimate,legitimate,0.99,,
11079,binary,legitimate,legitimate,0.8,,
8621,binary,legitimate,legitimate,0.8,,
7485,binary,legitimate,legitimate,1.0,,
12786,binary,legitimate,legitimate,0.8,,
4403,binary,phishing,legitimate,0.9,,
6702,binary,legitimate,legitimate,0.8,,
2153,binary,legitimate,legitimate,0.95,,
29011,binary,phishing,legitimate,0.8,,
8276,binary,legitimate,phishing,0.8,,
24584,binary,phishing,legitimate,0.9,,
4609,binary,phishing,legitimate,0.8,,
27458,binary,phishing,legitimate,0.8,,
10593,binary,phishing,legitimate,0.8,,
16456,binary,legitimate,legitimate,0.8,,
21625,binary,legitimate,legitimate,0.8,,
7482,binary,legitimate,legitimate,0.8,,
18067,binary,phishing,legitimate,0.8,,
25186,binary,legitimate,legitimate,0.95,,
19139,binary,phishing,phishing,0.95,,
15646,binary,phishing,legitimate,0.8,,
24941,binary,legitimate,legitimate,0.9,,
27513,binary,phishing,legitimate,0.8,,
2330,binary,legitimate,legitimate,0.95,,
16232,binary,legitimate,legitimate,0.8,,
28592,binary,phishing,phishing,0.95,,
3398,binary,legitimate,legitimate,0.8,,
24529,binary,phishing,legitimate,0.8,,
22773,binary,phishing,legitimate,0.8,,
24732,binary,legitimate,legitimate,0.99,,
5391,binary,legitimate,legitimate,1.0,,
20875,binary,phishing,legitimate,0.8,,
506,binary,legitimate,legitimate,0.8,,
13778,binary,legitimate,legitimate,0.8,,
14119,binary,legitimate,legitimate,0.8,,
21956,binary,legitimate,legitimate,0.8,,
23918,binary,phishing,legitimate,0.9,,
28385,binary,phishing,legitimate,0.8,,
9734,binary,phishing,legitimate,0.95,,
18942,binary,phishing,legitimate,0.8,,
16581,binary,legitimate,legitimate,0.8,,
7679,binary,legitimate,legitimate,0.95,,
9077,binary,legitimate,legitimate,0.99,,
23221,binary,phishing,phishing,0.95,,
64,binary,legitimate,legitimate,0.9,,
6806,binary,legitimate,legitimate,0.8,,
1772,binary,legitimate,legitimate,0.95,,
1910,binary,legitimate,legitimate,0.8,,
9363,binary,phishing,legitimate,0.8,,
26029,binary,legitimate,legitimate,0.8,,
13359,binary,legitimate,legitimate,0.8,,
26746,binary,phishing,legitimate,0.8,,
16875,binary,legitimate,legitimate,0.99,,
12878,binary,legitimate,legitimate,0.8,,
8768,binary,legitimate,legitimate,0.8,,
23338,binary,phishing,legitimate,0.95,,
17231,binary,legitimate,legitimate,0.99,,
23159,binary,phishing,legitimate,0.8,,
18280,binary,phishing,legitimate,0.9,,
13660,binary,legitimate,legitimate,0.95,,
10578,binary,phishing,legitimate,0.9,,
21141,binary,legitimate,legitimate,0.95,,
6147,binary,legitimate,legitimate,0.8,,
8600,binary,legitimate,legitimate,0.99,,
344,binary,legitimate,legitimate,0.99,,
27331,binary,phishing,legitimate,0.8,,
22525,binary,phishing,legitimate,0.8,,
18735,binary,phishing,legitimate,0.8,,
6803,binary,legitimate,legitimate,0.95,,
19350,binary,phishing,legitimate,0.8,,
18474,binary,phishing,legitimate,0.8,,
16382,binary,legitimate,legitimate,0.8,,
22095,binary,legitimate,legitimate,0.95,,
19651,binary,phishing,legitimate,0.8,,
21698,binary,legitimate,legitimate,0.95,,
27463,binary,phishing,legitimate,0.8,,
17349,binary,phishing,phishing,0.95,,
749,binary,legitimate,legitimate,0.99,,
16161,binary,legitimate,legitimate,0.9,,
9518,binary,phishing,legitimate,0.8,,
29644,binary,phishing,legitimate,0.8,,
26275,binary,phishing,phishing,0.8,,
25327,binary,legitimate,legitimate,0.95,,
2246,binary,legitimate,legitimate,0.8,,
24103,binary,phishing,legitimate,0.8,,
16167,binary,legitimate,legitimate,0.8,,
10345,binary,phishing,legitimate,0.8,,
14845,binary,phishing,legitimate,0.8,,
7602,binary,legitimate,legitimate,0.95,,
22515,binary,phishing,legitimate,0.8,,
17170,binary,legitimate,legitimate,0.95,,
21175,binary,legitimate,legitimate,0.99,,
16670,binary,legitimate,legitimate,0.8,,
26076,binary,phishing,legitimate,0.9,,
13941,binary,legitimate,legitimate,0.99,,
24783,binary,legitimate,legitimate,0.8,,
9406,binary,phishing,legitimate,0.8,,
10037,binary,phishing,legitimate,0.95,,
8662,binary,legitimate,legitimate,0.8,,
20824,binary,phishing,legitimate,0.8,,
13495,binary,legitimate,phishing,0.8,,
2931,binary,legitimate,legitimate,0.95,,
16522,binary,legitimate,legitimate,0.95,,
14580,binary,phishing,legitimate,0.8,,
1877,binary,legitimate,legitimate,0.8,,
12837,binary,legitimate,legitimate,0.95,,
28833,binary,phishing,phishing,0.8,,
25627,binary,legitimate,legitimate,0.8,,
25389,binary,legitimate,legitimate,0.8,,
10482,binary,phishing,legitimate,0.95,,
3469,binary,legitimate,legitimate,0.99,,
10198,binary,phishing,legitimate,0.8,,
10329,binary,phishing,legitimate,0.8,,
14115,binary,legitimate,legitimate,0.8,,
24791,binary,legitimate,legitimate,0.99,,
19653,binary,phishing,legitimate,0.8,,
26513,binary,phishing,phishing,0.95,,
4086,binary,phishing,legitimate,0.8,,
11291,binary,legitimate,legitimate,0.8,,
18064,binary,phishing,phishing,0.95,,
20410,binary,phishing,legitimate,0.9,,
28965,binary,phishing,legitimate,0.8,,
6181,binary,legitimate,legitimate,0.8,,
22653,binary,phishing,legitimate,0.8,,
18227,binary,phishing,legitimate,0.95,,
20547,binary,phishing,legitimate,0.8,,
24809,binary,legitimate,legitimate,0.95,,
2649,binary,legitimate,legitimate,0.95,,
20086,binary,phishing,legitimate,1.0,,
8404,binary,legitimate,legitimate,0.95,,
21167,binary,legitimate,legitimate,0.8,,
2356,binary,legitimate,legitimate,0.8,,
7499,binary,legitimate,legitimate,0.8,,
1023,binary,legitimate,legitimate,0.9,,
7623,binary,legitimate,legitimate,0.8,,
12772,binary,legitimate,legitimate,0.95,,
25506,binary,legitimate,legitimate,0.8,,
2738,binary,legitimate,legitimate,0.95,,
2778,binary,legitimate,legitimate,0.9,,
16403,binary,legitimate,legitimate,0.8,,
12217,binary,legitimate,legitimate,0.8,,
16586,binary,legitimate,legitimate,0.95,,
3243,binary,legitimate,legitimate,0.8,,
24595,binary,phishing,legitimate,0.8,,
24026,binary,phishing,legitimate,0.8,,
14162,binary,legitimate,legitimate,0.99,,
22310,binary,legitimate,legitimate,0.9,,
11171,binary,legitimate,legitimate,0.8,,
4088,binary,phishing,phishing,0.95,,
26079,binary,phishing,legitimate,0.8,,
27690,binary,phishing,legitimate,0.8,,
1961,binary,legitimate,legitimate,0.95,,
11575,binary,legitimate,legitimate,0.8,,
32,binary,legitimate,legitimate,0.95,,
12888,binary,legitimate,legitimate,0.99,,
22120,binary,legitimate,legitimate,0.8,,
28192,binary,phishing,legitimate,0.8,,
5111,binary,legitimate,legitimate,0.95,,
8780,binary,legitimate,legitimate,0.8,,
5749,binary,legitimate,legitimate,0.8,,
4669,binary,phishing,legitimate,0.8,,
26010,binary,legitimate,legitimate,0.8,,
21128,binary,legitimate,legitimate,0.8,,
20639,binary,phishing,phishing,0.8,,
27580,binary,phishing,phishing,0.8,,
16095,binary,legitimate,legitimate,0.99,,
17497,binary,phishing,legitimate,0.99,,
1899,binary,legitimate,legitimate,0.8,,
18919,binary,phishing,legitimate,0.8,,
24448,binary,phishing,legitimate,0.8,,
23249,binary,phishing,legitimate,0.8,,
3654,binary,phishing,legitimate,0.8,,
11975,binary,legitimate,legitimate,0.8,,
10613,binary,phishing,legitimate,0.8,,
16310,binary,legitimate,legitimate,0.99,,
12594,binary,legitimate,legitimate,0.95,,
21166,binary,legitimate,legitimate,0.8,,
20225,binary,phishing,legitimate,0.8,,
20311,binary,phishing,phishing,0.95,,
24260,binary,phishing,phishing,0.8,,
22694,binary,phishing,legitimate,0.8,,
8251,binary,legitimate,legitimate,0.8,,
24564,binary,phishing,legitimate,0.95,,
17552,binary,phishing,phishing,0.9,,
1225,binary,legitimate,legitimate,0.95,,
25263,binary,legitimate,legitimate,0.8,,
14432,binary,phishing,legitimate,0.8,,
16740,binary,legitimate,legitimate,0.8,,
10341,binary,phishing,legitimate,0.8,,
8730,binary,legitimate,legitimate,0.95,,
2101,binary,legitimate,legitimate,0.95,,
857,binary,legitimate,legitimate,0.99,,
23142,binary,phishing,legitimate,0.9,,
3112,binary,legitimate,legitimate,0.99,,
14360,binary,phishing,legitimate,0.8,,
26889,binary,phishing,legitimate,0.8,,
18314,binary,phishing,legitimate,0.8,,
501,binary,legitimate,legitimate,0.95,,
13422,binary,legitimate,legitimate,0.8,,
263,binary,legitimate,phishing,0.95,,
21896,binary,legitimate,legitimate,0.95,,
4450,binary,phishing,legitimate,0.8,,
27391,binary,phishing,legitimate,0.8,,
12477,binary,legitimate,legitimate,0.8,,
12492,binary,legitimate,legitimate,0.8,,
26388,binary,phishing,legitimate,0.8,,
19693,binary,phishing,legitimate,0.8,,
11646,binary,legitimate,legitimate,0.8,,
5401,binary,legitimate,legitimate,0.8,,
27040,binary,phishing,phishing,0.95,,
13004,binary,legitimate,legitimate,0.95,,
15809,binary,phishing,legitimate,0.8,,
19901,binary,phishing,phishing,0.95,,
26307,binary,phishing,legitimate,0.8,,
21334,binary,legitimate,legitimate,0.8,,
22011,binary,legitimate,legitimate,0.9,,
24806,binary,legitimate,legitimate,0.95,,
589,binary,legitimate,legitimate,0.8,,
3234,binary,legitimate,legitimate,0.8,,
16243,binary,legitimate,legitimate,0.95,,
13930,binary,legitimate,legitimate,0.8,,
7456,binary,legitimate,legitimate,0.8,,
5741,binary,legitimate,legitimate,0.8,,
25500,binary,legitimate,legitimate,0.99,,
6981,binary,legitimate,legitimate,0.99,,
20007,binary,phishing,legitimate,0.8,,
18174,binary,phishing,legitimate,0.8,,
3001,binary,legitimate,legitimate,1.0,,
25220,binary,legitimate,legitimate,0.95,,
900,binary,legitimate,legitimate,0.95,,
23332,binary,phishing,phishing,0.95,,
4987,binary,legitimate,legitimate,0.95,,
11715,binary,legitimate,legitimate,0.8,,
26690,binary,phishing,legitimate,0.8,,
10015,binary,phishing,phishing,0.8,,
3458,binary,legitimate,legitimate,0.8,,
23437,binary,phishing,legitimate,0.95,,
16948,binary,legitimate,legitimate,0.99,,
23200,binary,phishing,phishing,0.95,,
18197,binary,phishing,phishing,0.95,,
14998,binary,phishing,legitimate,0.9,,
22064,binary,legitimate,legitimate,0.8,,
6556,binary,legitimate,legitimate,0.8,,
23585,binary,phishing,phishing,0.95,,
6304,binary,legitimate,legitimate,0.95,,
9639,binary,phishing,legitimate,0.8,,
4347,binary,phishing,legitimate,0.8,,
8004,binary,legitimate,legitimate,1.0,,
1350,binary,legitimate,legitimate,0.99,,
22648,binary,phishing,legitimate,0.8,,
11832,binary,legitimate,legitimate,0.95,,
25437,binary,legitimate,legitimate,0.99,,
4287,binary,phishing,legitimate,0.8,,
27498,binary,phishing,legitimate,0.8,,
11123,binary,legitimate,legitimate,0.8,,
21847,binary,legitimate,legitimate,0.9,,
16900,binary,legitimate,legitimate,0.95,,
2278,binary,legitimate,legitimate,0.99,,
490,binary,legitimate,legitimate,1.0,,
20083,binary,phishing,legitimate,0.8,,
1968,binary,legitimate,legitimate,0.99,,
29197,binary,phishing,phishing,0.95,,
26041,binary,legitimate,legitimate,0.95,,
27999,binary,phishing,legitimate,0.8,,
14397,binary,phishing,phishing,0.95,,
24478,binary,phishing,legitimate,0.9,,
18503,binary,phishing,legitimate,0.8,,
28454,binary,phishing,phishing,0.95,,
3824,binary,phishing,legitimate,0.8,,
10113,binary,phishing,legitimate,0.8,,
12675,binary,legitimate,legitimate,0.95,,
16559,binary,legitimate,legitimate,0.8,,
29330,binary,phishing,legitimate,0.8,,
25270,binary,legitimate,legitimate,0.95,,
635,binary,legitimate,legitimate,0.95,,
26785,binary,phishing,phishing,0.95,,
11651,binary,legitimate,legitimate,0.95,,
15383,binary,phishing,legitimate,0.8,,
160,binary,legitimate,legitimate,0.95,,
22814,binary,phishing,phishing,0.95,,
2352,binary,legitimate,legitimate,0.8,,
12743,binary,legitimate,legitimate,0.8,,
23815,binary,phishing,legitimate,0.95,,
12154,binary,legitimate,legitimate,0.8,,
8573,binary,legitimate,legitimate,0.95,,
5976,binary,legitimate,legitimate,1.0,,
23211,binary,phishing,phishing,0.95,,
973,binary,legitimate,legitimate,0.99,,
22570,binary,phishing,legitimate,0.8,,
16467,binary,legitimate,legitimate,0.95,,
9941,binary,phishing,phishing,0.8,,
5431,binary,legitimate,legitimate,0.8,,
29402,binary,phishing,phishing,0.8,,
2496,binary,legitimate,legitimate,0.95,,
7620,binary,legitimate,phishing,0.8,,
8194,binary,legitimate,legitimate,0.8,,
9162,binary,phishing,legitimate,0.8,,
10770,binary,legitimate,legitimate,0.8,,
16314,binary,legitimate,legitimate,0.8,,
27172,binary,phishing,legitimate,0.9,,
24081,binary,phishing,legitimate,0.8,,
5941,binary,legitimate,legitimate,0.95,,
15616,binary,phishing,legitimate,0.8,,
24775,binary,legitimate,legitimate,0.95,,
13272,binary,legitimate,legitimate,1.0,,
24991,binary,legitimate,phishing,0.9,,
16354,binary,legitimate,legitimate,0.8,,
2212,binary,legitimate,legitimate,0.8,,
9883,binary,phishing,legitimate,0.95,,
28674,binary,phishing,legitimate,0.8,,
2673,binary,legitimate,legitimate,0.95,,
4396,binary,phishing,legitimate,0.9,,
25151,binary,legitimate,legitimate,0.8,,
5686,binary,legitimate,legitimate,0.8,,
27420,binary,phishing,legitimate,0.8,,
14672,binary,phishing,phishing,0.8,,
11736,binary,legitimate,legitimate,0.8,,
3101,binary,legitimate,legitimate,0.99,,
3739,binary,phishing,legitimate,0.8,,
29007,binary,phishing,legitimate,0.95,,
18947,binary,phishing,phishing,0.8,,
21430,binary,legitimate,legitimate,0.8,,
12978,binary,legitimate,legitimate,0.99,,
5348,binary,legitimate,legitimate,0.8,,
5233,binary,legitimate,legitimate,0.95,,
18285,binary,phishing,phishing,0.8,,
16641,binary,legitimate,legitimate,0.8,,
13865,binary,legitimate,legitimate,1.0,,
13303,binary,legitimate,legitimate,0.8,,
4315,binary,phishing,legitimate,0.8,,
16884,binary,legitimate,legitimate,1.0,,
4546,binary,phishing,legitimate,0.8,,
13228,binary,legitimate,legitimate,0.95,,
19949,binary,phishing,phishing,0.95,,
4604,binary,phishing,legitimate,0.8,,
3477,binary,legitimate,legitimate,0.8,,
18301,binary,phishing,legitimate,0.8,,
27284,binary,phishing,legitimate,0.8,,
8032,binary,legitimate,legitimate,0.99,,
5723,binary,legitimate,legitimate,0.95,,
15188,binary,phishing,legitimate,0.8,,
950,binary,legitimate,legitimate,0.95,,
27544,binary,phishing,legitimate,0.8,,
23917,binary,phishing,legitimate,0.8,,
29525,binary,phishing,legitimate,1.0,,
987,binary,legitimate,legitimate,0.99,,
3937,binary,phishing,phishing,0.8,,
2751,binary,legitimate,legitimate,0.8,,
18543,binary,phishing,legitimate,0.8,,
28811,binary,phishing,legitimate,0.8,,
27270,binary,phishing,legitimate,0.8,,
4022,binary,phishing,legitimate,0.8,,
1633,binary,legitimate,phishing,0.8,,
22200,binary,legitimate,legitimate,0.95,,
1403,binary,legitimate,legitimate,0.95,,
6952,binary,legitimate,legitimate,0.8,,
22082,binary,legitimate,legitimate,1.0,,
12633,binary,legitimate,legitimate,0.99,,
22738,binary,phishing,phishing,0.95,,
22817,binary,phishing,legitimate,0.8,,
13516,binary,legitimate,legitimate,0.8,,
4399,binary,phishing,legitimate,0.8,,
8594,binary,legitimate,legitimate,0.8,,
18654,binary,phishing,legitimate,0.95,,
25155,binary,legitimate,legitimate,0.8,,
26193,binary,phishing,legitimate,0.8,,
23732,binary,phishing,legitimate,0.8,,
25164,binary,legitimate,legitimate,0.95,,
8627,binary,legitimate,legitimate,0.95,,
21216,binary,legitimate,legitimate,0.8,,
15183,binary,phishing,legitimate,0.8,,
7931,binary,legitimate,legitimate,0.8,,
5969,binary,legitimate,legitimate,0.95,,
8418,binary,legitimate,legitimate,0.99,,
9841,binary,phishing,legitimate,0.8,,
13859,binary,legitimate,legitimate,0.8,,
14687,binary,phishing,phishing,0.95,,
5727,binary,legitimate,legitimate,0.8,,
12333,binary,legitimate,legitimate,0.8,,
1844,binary,legitimate,legitimate,0.8,,
4457,binary,phishing,legitimate,0.8,,
26398,binary,phishing,phishing,0.95,,
21968,binary,legitimate,legitimate,1.0,,
15365,binary,phishing,legitimate,0.8,,
28533,binary,phishing,legitimate,0.8,,
2415,binary,legitimate,legitimate,1.0,,
16266,binary,legitimate,legitimate,0.8,,
10901,binary,legitimate,legitimate,0.99,,
14318,binary,legitimate,phishing,0.8,,
11758,binary,legitimate,phishing,0.8,,
27676,binary,phishing,legitimate,0.8,,
12708,binary,legitimate,legitimate,0.95,,
5813,binary,legitimate,legitimate,0.95,,
19408,binary,phishing,legitimate,0.8,,
13833,binary,legitimate,legitimate,0.8,,
24824,binary,legitimate,legitimate,0.8,,
4003,binary,phishing,legitimate,0.8,,
16333,binary,legitimate,legitimate,1.0,,
22157,binary,legitimate,legitimate,0.8,,
21768,binary,legitimate,legitimate,1.0,,
1064,binary,legitimate,legitimate,0.8,,
25376,binary,legitimate,legitimate,0.8,,
11583,binary,legitimate,legitimate,0.95,,
20224,binary,phishing,legitimate,0.8,,
29589,binary,phishing,phishing,0.95,,
8636,binary,legitimate,legitimate,0.8,,
12516,binary,legitimate,legitimate,0.8,,
18615,binary,phishing,phishing,0.95,,
5375,binary,legitimate,legitimate,1.0,,
19767,binary,phishing,legitimate,0.8,,
18006,binary,phishing,legitimate,0.8,,
20540,binary,phishing,legitimate,0.8,,
18155,binary,phishing,phishing,0.95,,
7380,binary,legitimate,legitimate,0.8,,
7014,binary,legitimate,legitimate,0.8,,
1263,binary,legitimate,legitimate,0.8,,
18633,binary,phishing,legitimate,0.8,,
2677,binary,legitimate,legitimate,0.99,,
22645,binary,phishing,legitimate,0.8,,
13007,binary,legitimate,legitimate,0.99,,
27145,binary,phishing,phishing,0.95,,
25778,binary,legitimate,legitimate,0.8,,
9542,binary,phishing,legitimate,0.8,,
16286,binary,legitimate,legitimate,0.8,,
4543,binary,phishing,phishing,0.95,,
24086,binary,phishing,legitimate,0.8,,
19189,binary,phishing,legitimate,0.8,,
7994,binary,legitimate,legitimate,0.99,,
17597,binary,phishing,legitimate,0.8,,
2073,binary,legitimate,legitimate,0.99,,
22982,binary,phishing,legitimate,0.8,,
7581,binary,legitimate,legitimate,0.8,,
13102,binary,legitimate,legitimate,0.95,,
13316,binary,legitimate,legitimate,0.99,,
11966,binary,legitimate,legitimate,0.8,,
15574,binary,phishing,legitimate,0.8,,
21524,binary,legitimate,legitimate,0.8,,
20986,binary,phishing,legitimate,0.8,,
29481,binary,phishing,legitimate,0.8,,
27454,binary,phishing,legitimate,0.8,,
12838,binary,legitimate,legitimate,1.0,,
5644,binary,legitimate,legitimate,0.8,,
24851,binary,legitimate,legitimate,0.8,,
7573,binary,legitimate,legitimate,0.8,,
14681,binary,phishing,phishing,0.6,,
20288,binary,phishing,phishing,0.8,,
1550,binary,legitimate,legitimate,0.99,,
20042,binary,phishing,legitimate,0.8,,
28025,binary,phishing,phishing,0.8,,
986,binary,legitimate,legitimate,0.95,,
1701,binary,legitimate,legitimate,0.8,,
2510,binary,legitimate,legitimate,0.8,,
4571,binary,phishing,legitimate,0.95,,
12155,binary,legitimate,legitimate,0.8,,
18118,binary,phishing,legitimate,0.8,,
1904,binary,legitimate,legitimate,0.8,,
8386,binary,legitimate,legitimate,0.8,,
11642,binary,legitimate,legitimate,0.8,,
8598,binary,legitimate,legitimate,0.8,,
21159,binary,legitimate,legitimate,0.8,,
25435,binary,legitimate,legitimate,0.8,,
27908,binary,phishing,phishing,0.8,,
2434,binary,legitimate,legitimate,0.8,,
4227,binary,phishing,phishing,0.8,,
19946,binary,phishing,phishing,0.95,,
25024,binary,legitimate,legitimate,0.95,,
8030,binary,legitimate,legitimate,0.95,,
24676,binary,legitimate,legitimate,0.99,,
29256,binary,phishing,legitimate,0.8,,
27251,binary,phishing,legitimate,0.8,,
17217,binary,legitimate,legitimate,1.0,,
8330,binary,legitimate,legitimate,1.0,,
12303,binary,legitimate,legitimate,0.95,,
23669,binary,phishing,legitimate,0.8,,
7574,binary,legitimate,legitimate,0.8,,
18312,binary,phishing,phishing,0.95,,
21427,binary,legitimate,legitimate,0.99,,
511,binary,legitimate,legitimate,0.8,,
27747,binary,phishing,legitimate,0.8,,
2031,binary,legitimate,legitimate,0.8,,
23701,binary,phishing,phishing,0.95,,
8260,binary,legitimate,legitimate,0.95,,
24781,binary,legitimate,legitimate,0.8,,
14574,binary,phishing,phishing,0.95,,
24308,binary,phishing,legitimate,0.8,,
10793,binary,legitimate,legitimate,0.99,,
4061,binary,phishing,legitimate,0.8,,
26504,binary,phishing,legitimate,0.8,,
5713,binary,legitimate,legitimate,0.8,,
4235,binary,phishing,legitimate,0.8,,
25209,binary,legitimate,legitimate,0.8,,
24243,binary,phishing,legitimate,0.8,,
20705,binary,phishing,legitimate,0.8,,
25453,binary,legitimate,legitimate,0.99,,
24817,binary,legitimate,legitimate,0.9,,
360,binary,legitimate,legitimate,0.95,,
16695,binary,legitimate,legitimate,0.8,,
26480,binary,phishing,legitimate,0.8,,
6824,binary,legitimate,legitimate,0.8,,
16685,binary,legitimate,legitimate,0.95,,
780,binary,legitimate,legitimate,0.95,,
17241,binary,legitimate,legitimate,0.9,,
18297,binary,phishing,legitimate,0.8,,
23834,binary,phishing,phishing,0.8,,
2022,binary,legitimate,legitimate,0.95,,
8867,binary,legitimate,legitimate,0.8,,
4275,binary,phishing,legitimate,0.8,,
2295,binary,legitimate,legitimate,0.8,,
7013,binary,legitimate,legitimate,0.8,,
10464,binary,phishing,legitimate,0.8,,
29426,binary,phishing,phishing,0.8,,
17946,binary,phishing,phishing,0.8,,
3793,binary,phishing,legitimate,1.0,,
10644,binary,phishing,phishing,0.95,,
14056,binary,legitimate,legitimate,0.8,,
22875,binary,phishing,legitimate,0.8,,
25553,binary,legitimate,legitimate,0.8,,
13568,binary,legitimate,legitimate,0.95,,
22356,binary,legitimate,legitimate,0.99,,
4174,binary,phishing,legitimate,0.8,,
27116,binary,phishing,phishing,0.95,,
25308,binary,legitimate,legitimate,0.99,,
5936,binary,legitimate,legitimate,0.99,,
12130,binary,legitimate,legitimate,0.8,,
22018,binary,legitimate,legitimate,0.8,,
14734,binary,phishing,legitimate,0.8,,
29094,binary,phishing,legitimate,0.7,,
24923,binary,legitimate,legitimate,0.99,,
12519,binary,legitimate,legitimate,0.8,,
8984,binary,legitimate,legitimate,0.8,,
14733,binary,phishing,legitimate,0.8,,
8978,binary,legitimate,legitimate,0.8,,
16775,binary,legitimate,legitimate,0.95,,
17507,binary,phishing,phishing,0.95,,
27337,binary,phishing,legitimate,0.8,,
16005,binary,legitimate,phishing,0.8,,
16936,binary,legitimate,legitimate,0.99,,
27898,binary,phishing,legitimate,0.8,,
4906,binary,legitimate,legitimate,1.0,,
20241,binary,phishing,legitimate,0.8,,
23850,binary,phishing,phishing,0.95,,
27255,binary,phishing,phishing,0.95,,
17808,binary,phishing,legitimate,0.8,,
11606,binary,legitimate,legitimate,0.8,,
26978,binary,phishing,legitimate,0.8,,
1641,binary,legitimate,legitimate,0.8,,
10251,binary,phishing,legitimate,0.8,,
27014,binary,phishing,legitimate,0.8,,
28677,binary,phishing,legitimate,0.8,,
12810,binary,legitimate,legitimate,0.8,,
14787,binary,phishing,legitimate,0.8,,
5288,binary,legitimate,legitimate,1.0,,
15773,binary,phishing,legitimate,0.8,,
27397,binary,phishing,legitimate,0.8,,
25274,binary,legitimate,legitimate,0.8,,
11725,binary,legitimate,legitimate,0.8,,
8947,binary,legitimate,legitimate,0.95,,
29516,binary,phishing,phishing,0.95,,
1179,binary,legitimate,phishing,0.8,,
65,binary,legitimate,legitimate,0.95,,
15116,binary,phishing,phishing,0.95,,
3091,binary,legitimate,legitimate,0.8,,
5816,binary,legitimate,legitimate,0.8,,
24340,binary,phishing,legitimate,0.8,,
28044,binary,phishing,phishing,0.95,,
28653,binary,phishing,phishing,0.8,,
5441,binary,legitimate,legitimate,0.8,,
15219,binary,phishing,legitimate,0.8,,
28012,binary,phishing,legitimate,0.8,,
26652,binary,phishing,legitimate,0.8,,
4368,binary,phishing,phishing,0.95,,
2306,binary,legitimate,legitimate,0.99,,
3894,binary,phishing,legitimate,0.8,,
28428,binary,phishing,legitimate,0.8,,
13073,binary,legitimate,legitimate,0.8,,
28787,binary,phishing,phishing,0.8,,
12162,binary,legitimate,legitimate,0.8,,
15417,binary,phishing,legitimate,0.8,,
15824,binary,legitimate,legitimate,0.99,,
19055,binary,phishing,phishing,0.8,,
28090,binary,phishing,legitimate,0.8,,
11678,binary,legitimate,legitimate,0.95,,
5884,binary,legitimate,legitimate,0.8,,
10707,binary,legitimate,legitimate,0.8,,
8273,binary,legitimate,legitimate,0.8,,
24718,binary,legitimate,phishing,0.9,,
15818,binary,phishing,legitimate,0.8,,
21944,binary,legitimate,legitimate,0.8,,
4280,binary,phishing,legitimate,0.8,,
793,binary,legitimate,legitimate,0.9,,
9422,binary,phishing,legitimate,0.8,,
26088,binary,phishing,legitimate,0.8,,
1584,binary,legitimate,legitimate,0.8,,
6802,binary,legitimate,legitimate,0.99,,
14698,binary,phishing,legitimate,0.8,,
4203,binary,phishing,phishing,0.95,,
22409,binary,legitimate,legitimate,0.8,,
23385,binary,phishing,legitimate,0.95,,
11454,binary,legitimate,legitimate,0.95,,
16158,binary,legitimate,legitimate,0.8,,
4466,binary,phishing,legitimate,0.8,,
10518,binary,phishing,legitimate,0.8,,
29171,binary,phishing,phishing,0.95,,
17422,binary,phishing,phishing,0.95,,
23808,binary,phishing,legitimate,0.8,,
8446,binary,legitimate,legitimate,0.8,,
23299,binary,phishing,legitimate,0.8,,
4488,binary,phishing,phishing,0.95,,
5110,binary,legitimate,legitimate,0.95,,
7372,binary,legitimate,legitimate,0.95,,
11545,binary,legitimate,legitimate,0.8,,
26372,binary,phishing,legitimate,0.8,,
24631,binary,legitimate,legitimate,0.8,,
638,binary,legitimate,legitimate,0.99,,
2377,binary,legitimate,legitimate,0.8,,
16773,binary,legitimate,legitimate,0.8,,
13131,binary,legitimate,legitimate,0.8,,
25672,binary,legitimate,legitimate,0.95,,
15154,binary,phishing,legitimate,0.8,,
23570,binary,phishing,phishing,0.9,,
23447,binary,phishing,phishing,0.95,,
10286,binary,phishing,legitimate,0.8,,
20137,binary,phishing,legitimate,0.8,,
26970,binary,phishing,phishing,0.9,,
192,binary,legitimate,legitimate,0.95,,
3864,binary,phishing,legitimate,0.8,,
16396,binary,legitimate,phishing,0.8,,
14248,binary,legitimate,legitimate,0.8,,
3383,binary,legitimate,phishing,0.8,,
12907,binary,legitimate,legitimate,0.8,,
275,binary,legitimate,legitimate,0.95,,
20229,binary,phishing,legitimate,0.8,,
10008,binary,phishing,legitimate,0.95,,
13742,binary,legitimate,legitimate,0.8,,
17018,binary,legitimate,legitimate,0.99,,
149,binary,legitimate,legitimate,0.95,,
17742,binary,phishing,legitimate,0.8,,
25058,binary,legitimate,legitimate,0.95,,
17771,binary,phishing,legitimate,1.0,,
23382,binary,phishing,phishing,0.8,,
1288,binary,legitimate,legitimate,0.8,,
6945,binary,legitimate,legitimate,0.95,,
20867,binary,phishing,legitimate,0.8,,
17277,binary,legitimate,legitimate,0.9,,
168,binary,legitimate,legitimate,0.8,,
24028,binary,phishing,legitimate,0.8,,
6398,binary,legitimate,legitimate,0.8,,
16508,binary,legitimate,legitimate,0.95,,
3537,binary,phishing,legitimate,0.8,,
24452,binary,phishing,legitimate,0.8,,
13888,binary,legitimate,legitimate,0.95,,
10952,binary,legitimate,legitimate,0.95,,
12403,binary,legitimate,legitimate,0.8,,
22918,binary,phishing,legitimate,0.8,,
13776,binary,legitimate,legitimate,1.0,,
17993,binary,phishing,legitimate,0.8,,
18236,binary,phishing,legitimate,0.8,,
18130,binary,phishing,phishing,0.95,,
24722,binary,legitimate,legitimate,0.8,,
5034,binary,legitimate,legitimate,0.8,,
13244,binary,legitimate,legitimate,1.0,,
17136,binary,legitimate,legitimate,0.99,,
7707,binary,legitimate,legitimate,0.95,,
9530,binary,phishing,legitimate,0.8,,
7782,binary,legitimate,legitimate,0.8,,
19714,binary,phishing,legitimate,0.8,,
656,binary,legitimate,legitimate,0.95,,
6801,binary,legitimate,legitimate,0.99,,
16841,binary,legitimate,legitimate,1.0,,
20641,binary,phishing,legitimate,0.8,,
15093,binary,phishing,legitimate,0.8,,
13122,binary,legitimate,legitimate,0.95,,
2525,binary,legitimate,legitimate,0.9,,
26328,binary,phishing,legitimate,0.8,,
15427,binary,phishing,phishing,0.95,,
28984,binary,phishing,legitimate,0.8,,
15140,binary,phishing,legitimate,0.8,,
1015,binary,legitimate,legitimate,0.95,,
24618,binary,legitimate,legitimate,0.99,,
18462,binary,phishing,phishing,0.8,,
24107,binary,phishing,legitimate,0.8,,
16006,binary,legitimate,legitimate,0.99,,
12242,binary,legitimate,legitimate,0.8,,
1273,binary,legitimate,legitimate,0.95,,
27384,binary,phishing,legitimate,0.8,,
7919,binary,legitimate,legitimate,0.8,,
4332,binary,phishing,legitimate,1.0,,
2375,binary,legitimate,legitimate,0.8,,
10541,binary,phishing,legitimate,0.8,,
21926,binary,legitimate,legitimate,0.8,,
17022,binary,legitimate,legitimate,0.99,,
6664,binary,legitimate,legitimate,0.99,,
6278,binary,legitimate,legitimate,0.8,,
17968,binary,phishing,phishing,0.8,,
1594,binary,legitimate,legitimate,0.8,,
26447,binary,phishing,legitimate,0.8,,
16651,binary,legitimate,legitimate,0.95,,
549,binary,legitimate,legitimate,0.8,,
28582,binary,phishing,legitimate,0.8,,
8862,binary,legitimate,legitimate,0.8,,
9816,binary,phishing,legitimate,0.8,,
16302,binary,legitimate,legitimate,0.95,,
13691,binary,legitimate,legitimate,0.8,,
2000,binary,legitimate,legitimate,0.9,,
22361,binary,legitimate,legitimate,0.8,,
29032,binary,phishing,phishing,0.95,,
23468,binary,phishing,legitimate,0.8,,
22069,binary,legitimate,legitimate,0.8,,
5865,binary,legitimate,legitimate,0.95,,
3799,binary,phishing,legitimate,0.8,,
6733,binary,legitimate,legitimate,1.0,,
16628,binary,legitimate,legitimate,0.8,,
22822,binary,phishing,phishing,0.8,,
19152,binary,phishing,phishing,0.95,,
17844,binary,phishing,phishing,0.95,,
9660,binary,phishing,phishing,0.95,,
29345,binary,phishing,legitimate,0.95,,
6810,binary,legitimate,legitimate,0.95,,
12559,binary,legitimate,legitimate,0.8,,
21938,binary,legitimate,legitimate,0.8,,
1024,binary,legitimate,legitimate,0.95,,
24667,binary,legitimate,legitimate,0.99,,
10775,binary,legitimate,legitimate,0.8,,
18684,binary,phishing,phishing,0.95,,
1689,binary,legitimate,legitimate,0.8,,
24112,binary,phishing,legitimate,0.8,,
28128,binary,phishing,legitimate,0.8,,
24092,binary,phishing,legitimate,0.8,,
13243,binary,legitimate,legitimate,0.95,,
9047,binary,legitimate,phishing,0.8,,
6058,binary,legitimate,legitimate,0.8,,
23355,binary,phishing,phishing,0.8,,
1679,binary,legitimate,legitimate,0.9,,
21599,binary,legitimate,legitimate,0.8,,
27285,binary,phishing,phishing,0.8,,
9207,binary,phishing,legitimate,0.9,,
17470,binary,phishing,legitimate,0.8,,
23665,binary,phishing,legitimate,0.8,,
24327,binary,phishing,legitimate,0.8,,
26135,binary,phishing,legitimate,0.8,,
3831,binary,phishing,phishing,0.99,,
4963,binary,legitimate,legitimate,0.8,,
27403,binary,phishing,legitimate,0.8,,
14569,binary,phishing,legitimate,0.8,,
10625,binary,phishing,legitimate,0.8,,
24769,binary,legitimate,legitimate,0.99,,
24082,binary,phishing,legitimate,0.8,,
27490,binary,phishing,legitimate,0.8,,
1172,binary,legitimate,legitimate,0.8,,
21497,binary,legitimate,legitimate,0.8,,
21612,binary,legitimate,legitimate,0.8,,
10706,binary,legitimate,legitimate,0.8,,
12742,binary,legitimate,legitimate,0.8,,
7028,binary,legitimate,legitimate,0.8,,
777,binary,legitimate,legitimate,1.0,,
7670,binary,legitimate,legitimate,0.8,,
13205,binary,legitimate,legitimate,0.8,,
26661,binary,phishing,legitimate,0.8,,
28526,binary,phishing,phishing,0.95,,
29483,binary,phishing,phishing,0.95,,
8431,binary,legitimate,legitimate,0.8,,
20896,binary,phishing,phishing,0.95,,
3790,binary,phishing,legitimate,0.8,,
29507,binary,phishing,legitimate,0.8,,
4762,binary,phishing,phishing,0.95,,
21732,binary,legitimate,legitimate,0.8,,
7438,binary,legitimate,legitimate,0.8,,
17007,binary,legitimate,legitimate,0.99,,
24818,binary,legitimate,legitimate,0.99,,
6447,binary,legitimate,legitimate,0.8,,
28309,binary,phishing,legitimate,0.8,,
277,binary,legitimate,legitimate,0.8,,
25848,binary,legitimate,legitimate,0.8,,
3184,binary,legitimate,phishing,0.6,,
6766,binary,legitimate,legitimate,0.99,,
22336,binary,legitimate,legitimate,0.95,,
20890,binary,phishing,legitimate,0.8,,
13638,binary,legitimate,legitimate,0.95,,
10713,binary,legitimate,phishing,0.8,,
22783,binary,phishing,legitimate,0.8,,
23940,binary,phishing,legitimate,0.8,,
953,binary,legitimate,legitimate,0.95,,
408,binary,legitimate,legitimate,1.0,,
6753,binary,legitimate,legitimate,0.8,,
3744,binary,phishing,legitimate,0.9,,
5273,binary,legitimate,phishing,0.7,,
1065,binary,legitimate,legitimate,0.8,,
6720,binary,legitimate,legitimate,0.8,,
3123,binary,legitimate,legitimate,0.99,,
25196,binary,legitimate,legitimate,0.8,,
10467,binary,phishing,legitimate,0.8,,
7599,binary,legitimate,legitimate,0.95,,
8279,binary,legitimate,legitimate,0.8,,
6280,binary,legitimate,legitimate,0.8,,
28940,binary,phishing,legitimate,0.8,,
11767,binary,legitimate,legitimate,0.99,,
10884,binary,legitimate,phishing,0.8,,
22627,binary,phishing,legitimate,0.8,,
26003,binary,legitimate,legitimate,0.8,,
19880,binary,phishing,legitimate,0.8,,
29528,binary,phishing,legitimate,0.8,,
4113,binary,phishing,legitimate,0.8,,
5913,binary,legitimate,legitimate,0.95,,
19302,binary,phishing,legitimate,0.8,,
11527,binary,legitimate,legitimate,0.8,,
6980,binary,legitimate,legitimate,0.99,,
1312,binary,legitimate,legitimate,0.99,,
2408,binary,legitimate,legitimate,0.99,,
18507,binary,phishing,phishing,0.95,,
23207,binary,phishing,legitimate,0.8,,
17127,binary,legitimate,legitimate,0.95,,
22677,binary,phishing,legitimate,0.95,,
16802,binary,legitimate,legitimate,1.0,,
9043,binary,legitimate,legitimate,0.8,,
23344,binary,phishing,phishing,0.8,,
24935,binary,legitimate,legitimate,0.95,,
29240,binary,phishing,legitimate,0.8,,
19783,binary,phishing,legitimate,0.8,,
28444,binary,phishing,legitimate,0.8,,
17014,binary,legitimate,legitimate,0.99,,
2919,binary,legitimate,legitimate,0.8,,
21641,binary,legitimate,legitimate,0.8,,
3055,binary,legitimate,legitimate,0.95,,
28535,binary,phishing,legitimate,0.8,,
14864,binary,phishing,legitimate,0.8,,
12654,binary,legitimate,legitimate,0.8,,
17121,binary,legitimate,legitimate,0.95,,
14067,binary,legitimate,legitimate,0.8,,
13860,binary,legitimate,legitimate,0.8,,
6462,binary,legitimate,legitimate,0.95,,
18431,binary,phishing,legitimate,0.8,,
25422,binary,legitimate,legitimate,0.8,,
7224,binary,legitimate,legitimate,0.8,,
8014,binary,legitimate,legitimate,1.0,,
17727,binary,phishing,legitimate,0.8,,
876,binary,legitimate,legitimate,0.99,,
29157,binary,phishing,legitimate,0.8,,
14213,binary,legitimate,legitimate,0.9,,
24549,binary,phishing,legitimate,0.8,,
25455,binary,legitimate,legitimate,0.8,,
23104,binary,phishing,legitimate,0.8,,
14946,binary,phishing,legitimate,0.8,,
7668,binary,legitimate,phishing,0.8,,
2985,binary,legitimate,legitimate,0.8,,
9375,binary,phishing,legitimate,0.8,,
13047,binary,legitimate,legitimate,0.8,,
22775,binary,phishing,phishing,0.95,,
8503,binary,legitimate,legitimate,0.8,,
27187,binary,phishing,legitimate,0.8,,
5535,binary,legitimate,legitimate,0.8,,
19970,binary,phishing,phishing,0.95,,
26541,binary,phishing,legitimate,0.8,,
21750,binary,legitimate,legitimate,0.9,,
6194,binary,legitimate,legitimate,0.8,,
12179,binary,legitimate,legitimate,0.8,,
12628,binary,legitimate,legitimate,0.99,,
29738,binary,phishing,legitimate,0.8,,
12188,binary,legitimate,legitimate,0.8,,
660,binary,legitimate,legitimate,0.99,,
11843,binary,legitimate,legitimate,0.8,,
19950,binary,phishing,legitimate,0.8,,
3222,binary,legitimate,legitimate,0.8,,
23237,binary,phishing,legitimate,0.8,,
28015,binary,phishing,legitimate,0.99,,
27844,binary,phishing,phishing,0.8,,
3077,binary,legitimate,legitimate,0.9,,
27796,binary,phishing,phishing,0.8,,
11986,binary,legitimate,legitimate,0.95,,
25855,binary,legitimate,legitimate,0.8,,
26870,binary,phishing,legitimate,0.8,,
9179,binary,phishing,legitimate,0.8,,
24362,binary,phishing,legitimate,0.8,,
16349,binary,legitimate,legitimate,0.8,,
18974,binary,phishing,legitimate,0.8,,
11371,binary,legitimate,legitimate,0.9,,
22741,binary,phishing,phishing,0.95,,
17558,binary,phishing,legitimate,0.8,,
10742,binary,legitimate,legitimate,0.8,,
10573,binary,phishing,legitimate,0.8,,
22553,binary,phishing,legitimate,0.8,,
21258,binary,legitimate,legitimate,0.99,,
8912,binary,legitimate,legitimate,0.8,,
28174,binary,phishing,legitimate,0.8,,
25488,binary,legitimate,legitimate,0.95,,
21922,binary,legitimate,legitimate,0.8,,
28749,binary,phishing,legitimate,0.8,,
11128,binary,legitimate,legitimate,0.8,,
4000,binary,phishing,legitimate,0.8,,
7276,binary,legitimate,legitimate,0.95,,
12757,binary,legitimate,legitimate,0.99,,
15619,binary,phishing,phishing,0.95,,
16361,binary,legitimate,legitimate,0.95,,
3066,binary,legitimate,legitimate,0.95,,
6420,binary,legitimate,legitimate,0.8,,
26867,binary,phishing,legitimate,0.8,,
28846,binary,phishing,legitimate,0.8,,
22584,binary,phishing,phishing,0.95,,
14117,binary,legitimate,legitimate,0.8,,
5660,binary,legitimate,legitimate,0.8,,
5746,binary,legitimate,legitimate,0.8,,
23916,binary,phishing,phishing,0.8,,
20954,binary,phishing,legitimate,0.8,,
23905,binary,phishing,phishing,0.8,,
1815,binary,legitimate,legitimate,0.8,,
28841,binary,phishing,legitimate,0.8,,
23563,binary,phishing,legitimate,0.9,,
5472,binary,legitimate,legitimate,0.95,,
17896,binary,phishing,legitimate,0.8,,
15787,binary,phishing,legitimate,0.8,,
25725,binary,legitimate,legitimate,0.8,,
6784,binary,legitimate,legitimate,0.95,,
25035,binary,legitimate,legitimate,0.8,,
19621,binary,phishing,phishing,0.95,,
14324,binary,legitimate,legitimate,0.8,,
12799,binary,legitimate,legitimate,0.8,,
11044,binary,legitimate,legitimate,0.95,,
10317,binary,phishing,phishing,0.8,,
7651,binary,legitimate,legitimate,0.95,,
26273,binary,phishing,phishing,0.8,,
9001,binary,legitimate,legitimate,0.95,,
12616,binary,legitimate,legitimate,0.99,,
7060,binary,legitimate,legitimate,0.8,,
4584,binary,phishing,phishing,0.8,,
9712,binary,phishing,legitimate,0.8,,
6015,binary,legitimate,legitimate,0.99,,
2608,binary,legitimate,legitimate,0.8,,
26530,binary,phishing,legitimate,0.8,,
22865,binary,phishing,legitimate,0.8,,
28016,binary,phishing,legitimate,0.8,,
18406,binary,phishing,legitimate,0.8,,
20398,binary,phishing,legitimate,0.8,,
7537,binary,legitimate,legitimate,0.99,,
21987,binary,legitimate,legitimate,0.99,,
24295,binary,phishing,legitimate,0.8,,
8341,binary,legitimate,legitimate,0.8,,
15902,binary,legitimate,legitimate,0.99,,
4780,binary,phishing,phishing,0.8,,
26672,binary,phishing,phishing,0.95,,
23187,binary,phishing,legitimate,0.8,,
28625,binary,phishing,legitimate,0.8,,
23156,binary,phishing,legitimate,0.8,,
28634,binary,phishing,legitimate,0.8,,
24604,binary,phishing,phishing,0.8,,
8061,binary,legitimate,legitimate,0.8,,
11600,binary,legitimate,phishing,0.8,,
19072,binary,phishing,legitimate,0.8,,
5286,binary,legitimate,legitimate,0.99,,
26406,binary,phishing,legitimate,0.8,,
13507,binary,legitimate,legitimate,0.8,,
20413,binary,phishing,legitimate,0.8,,
3412,binary,legitimate,legitimate,0.8,,
21286,binary,legitimate,legitimate,0.9,,
19724,binary,phishing,phishing,0.95,,
25300,binary,legitimate,legitimate,0.8,,
12263,binary,legitimate,legitimate,0.8,,
22263,binary,legitimate,legitimate,0.8,,
16710,binary,legitimate,legitimate,0.8,,
28041,binary,phishing,phishing,0.8,,
28115,binary,phishing,legitimate,0.8,,
6036,binary,legitimate,legitimate,0.8,,
15935,binary,legitimate,legitimate,0.8,,
1826,binary,legitimate,legitimate,0.8,,
9796,binary,phishing,legitimate,0.8,,
21227,binary,legitimate,legitimate,0.8,,
6460,binary,legitimate,legitimate,0.8,,
8563,binary,legitimate,legitimate,0.8,,
11039,binary,legitimate,legitimate,0.95,,
18254,binary,phishing,legitimate,0.8,,
18374,binary,phishing,legitimate,0.8,,
18338,binary,phishing,legitimate,0.95,,
28879,binary,phishing,legitimate,0.8,,
20619,binary,phishing,legitimate,0.8,,
18665,binary,phishing,legitimate,0.8,,
7590,binary,legitimate,legitimate,0.8,,
13341,binary,legitimate,legitimate,0.8,,
18004,binary,phishing,legitimate,0.8,,
19133,binary,phishing,legitimate,0.8,,
26740,binary,phishing,legitimate,0.8,,
21435,binary,legitimate,legitimate,0.95,,
23482,binary,phishing,legitimate,1.0,,
5786,binary,legitimate,legitimate,0.8,,
19501,binary,phishing,legitimate,0.8,,
13827,binary,legitimate,legitimate,0.8,,
5536,binary,legitimate,legitimate,0.95,,
15,binary,legitimate,legitimate,0.8,,
4072,binary,phishing,phishing,0.95,,
5271,binary,legitimate,legitimate,0.8,,
19692,binary,phishing,legitimate,0.9,,
7151,binary,legitimate,phishing,0.8,,
21955,binary,legitimate,legitimate,0.9,,
4585,binary,phishing,phishing,0.9,,
20189,binary,phishing,legitimate,0.8,,
21674,binary,legitimate,legitimate,0.95,,
6263,binary,legitimate,legitimate,0.95,,
10639,binary,phishing,legitimate,0.8,,
22609,binary,phishing,legitimate,0.8,,
17580,binary,phishing,phishing,0.8,,
6933,binary,legitimate,legitimate,0.8,,
9429,binary,phishing,phishing,0.8,,
28836,binary,phishing,legitimate,0.8,,
18244,binary,phishing,legitimate,0.8,,
11103,binary,legitimate,legitimate,0.8,,
23938,binary,phishing,legitimate,0.8,,
10486,binary,phishing,phishing,0.95,,
1007,binary,legitimate,legitimate,0.8,,
9673,binary,phishing,phishing,0.95,,
20136,binary,phishing,phishing,0.8,,
13258,binary,legitimate,legitimate,0.8,,
28339,binary,phishing,legitimate,0.8,,
9063,binary,legitimate,legitimate,0.8,,
1587,binary,legitimate,legitimate,0.99,,
7896,binary,legitimate,legitimate,0.8,,
24500,binary,phishing,legitimate,0.8,,
9526,binary,phishing,legitimate,0.8,,
8255,binary,legitimate,legitimate,0.8,,
9723,binary,phishing,legitimate,0.8,,
19730,binary,phishing,legitimate,0.8,,
28203,binary,phishing,legitimate,0.8,,
26824,binary,phishing,phishing,0.95,,
20391,binary,phishing,legitimate,0.8,,
10042,binary,phishing,legitimate,0.8,,
6752,binary,legitimate,legitimate,0.95,,
13189,binary,legitimate,legitimate,0.8,,
19983,binary,phishing,legitimate,0.8,,
6173,binary,legitimate,legitimate,0.8,,
27427,binary,phishing,legitimate,0.95,,
27164,binary,phishing,legitimate,0.8,,
26297,binary,phishing,legitimate,0.8,,
22897,binary,phishing,legitimate,0.8,,
18142,binary,phishing,phishing,0.8,,
28724,binary,phishing,legitimate,0.8,,
4509,binary,phishing,legitimate,0.8,,
4360,binary,phishing,legitimate,1.0,,
1964,binary,legitimate,legitimate,0.95,,
14553,binary,phishing,legitimate,0.8,,
11571,binary,legitimate,legitimate,0.95,,
17711,binary,phishing,phishing,0.8,,
11335,binary,legitimate,legitimate,0.9,,
1132,binary,legitimate,legitimate,0.95,,
15779,binary,phishing,legitimate,0.8,,
24364,binary,phishing,legitimate,0.8,,
13825,binary,legitimate,legitimate,0.95,,
7190,binary,legitimate,legitimate,0.8,,
9761,binary,phishing,phishing,0.9,,
26042,binary,legitimate,legitimate,0.95,,
9805,binary,phishing,legitimate,0.8,,
7797,binary,legitimate,legitimate,0.8,,
3601,binary,phishing,phishing,0.95,,
11537,binary,legitimate,legitimate,0.95,,
647,binary,legitimate,legitimate,0.95,,
27054,binary,phishing,legitimate,0.8,,
1908,binary,legitimate,legitimate,0.95,,
27906,binary,phishing,legitimate,0.8,,
1718,binary,legitimate,legitimate,0.8,,
15223,binary,phishing,phishing,0.95,,
20425,binary,phishing,legitimate,0.8,,
21544,binary,legitimate,legitimate,0.8,,
26137,binary,phishing,legitimate,0.95,,
12751,binary,legitimate,legitimate,0.8,,
25375,binary,legitimate,legitimate,0.99,,
6589,binary,legitimate,legitimate,0.99,,
19166,binary,phishing,legitimate,0.8,,
717,binary,legitimate,legitimate,0.95,,
17280,binary,legitimate,legitimate,0.99,,
15002,binary,phishing,legitimate,0.8,,
12461,binary,legitimate,legitimate,0.8,,
14891,binary,phishing,legitimate,0.8,,
25802,binary,legitimate,legitimate,0.8,,
7455,binary,legitimate,legitimate,0.8,,
6565,binary,legitimate,legitimate,0.95,,
10460,binary,phishing,phishing,0.95,,
18789,binary,phishing,legitimate,0.8,,
23442,binary,phishing,legitimate,0.99,,
18020,binary,phishing,legitimate,0.8,,
4313,binary,phishing,phishing,0.8,,
18733,binary,phishing,phishing,0.95,,
17234,binary,legitimate,phishing,0.8,,
23306,binary,phishing,legitimate,0.8,,
15855,binary,legitimate,legitimate,0.99,,
6509,binary,legitimate,legitimate,0.8,,
8569,binary,legitimate,legitimate,0.95,,
19002,binary,phishing,legitimate,0.8,,
23749,binary,phishing,phishing,0.8,,
17809,binary,phishing,legitimate,0.8,,
28491,binary,phishing,legitimate,0.8,,
16822,binary,legitimate,legitimate,1.0,,
21547,binary,legitimate,legitimate,0.99,,
6538,binary,legitimate,legitimate,0.8,,
14118,binary,legitimate,legitimate,0.99,,
6642,binary,legitimate,legitimate,0.8,,
14123,binary,legitimate,legitimate,0.95,,
15520,binary,phishing,legitimate,0.8,,
28946,binary,phishing,legitimate,0.8,,
8246,binary,legitimate,legitimate,0.95,,
279,binary,legitimate,legitimate,0.8,,
3255,binary,legitimate,legitimate,0.99,,
19454,binary,phishing,legitimate,0.8,,
14040,binary,legitimate,legitimate,1.0,,
21564,binary,legitimate,legitimate,0.8,,
28007,binary,phishing,phishing,0.95,,
4622,binary,phishing,phishing,0.8,,
29018,binary,phishing,phishing,0.95,,
5959,binary,legitimate,legitimate,0.95,,
16164,binary,legitimate,legitimate,0.99,,
19677,binary,phishing,legitimate,0.95,,
8493,binary,legitimate,legitimate,0.8,,
27357,binary,phishing,phishing,0.95,,
5901,binary,legitimate,legitimate,0.95,,
5773,binary,legitimate,legitimate,0.8,,
19839,binary,phishing,phishing,0.95,,
11592,binary,legitimate,legitimate,0.8,,
10295,binary,phishing,legitimate,0.8,,
14097,binary,legitimate,phishing,0.8,,
25190,binary,legitimate,legitimate,0.8,,
19718,binary,phishing,legitimate,0.8,,
3874,binary,phishing,legitimate,0.8,,
10899,binary,legitimate,legitimate,0.95,,
17478,binary,phishing,phishing,0.95,,
24925,binary,legitimate,legitimate,0.8,,
18911,binary,phishing,legitimate,0.8,,
27103,binary,phishing,phishing,0.8,,
28692,binary,phishing,phishing,0.8,,
19530,binary,phishing,legitimate,0.8,,
23483,binary,phishing,legitimate,0.8,,
12365,binary,legitimate,legitimate,0.8,,
20361,binary,phishing,legitimate,0.8,,
2111,binary,legitimate,legitimate,0.8,,
15475,binary,phishing,legitimate,0.8,,
5921,binary,legitimate,legitimate,0.95,,
5083,binary,legitimate,legitimate,0.95,,
7377,binary,legitimate,legitimate,0.95,,
10253,binary,phishing,phishing,0.95,,
9088,binary,legitimate,legitimate,0.8,,
18273,binary,phishing,legitimate,0.8,,
8739,binary,legitimate,legitimate,0.99,,
27332,binary,phishing,legitimate,0.8,,
12328,binary,legitimate,legitimate,0.8,,
28503,binary,phishing,legitimate,0.8,,
15519,binary,phishing,phishing,0.8,,
9532,binary,phishing,legitimate,0.8,,
28524,binary,phishing,legitimate,0.8,,
19497,binary,phishing,legitimate,0.8,,
24701,binary,legitimate,legitimate,0.99,,
18583,binary,phishing,legitimate,0.8,,
28949,binary,phishing,phishing,0.95,,
19957,binary,phishing,legitimate,0.8,,
20678,binary,phishing,phishing,0.95,,
10196,binary,phishing,legitimate,0.8,,
29019,binary,phishing,legitimate,0.8,,
106,binary,legitimate,legitimate,0.95,,
10964,binary,legitimate,legitimate,0.95,,
19198,binary,phishing,legitimate,0.8,,
20727,binary,phishing,phishing,0.95,,
15280,binary,phishing,phishing,0.95,,
2705,binary,legitimate,legitimate,0.8,,
6237,binary,legitimate,legitimate,0.8,,
3590,binary,phishing,phishing,0.8,,
4013,binary,phishing,phishing,0.8,,
19316,binary,phishing,legitimate,0.8,,
1971,binary,legitimate,legitimate,0.95,,
22925,binary,phishing,legitimate,0.8,,
29298,binary,phishing,legitimate,0.8,,
10043,binary,phishing,phishing,0.95,,
5207,binary,legitimate,legitimate,0.8,,
29177,binary,phishing,legitimate,0.8,,
5383,binary,legitimate,legitimate,0.95,,
1274,binary,legitimate,legitimate,0.8,,
20534,binary,phishing,phishing,0.95,,
18501,binary,phishing,legitimate,0.8,,
11059,binary,legitimate,legitimate,0.95,,
15677,binary,phishing,legitimate,0.8,,
6299,binary,legitimate,legitimate,0.99,,
21300,binary,legitimate,legitimate,0.95,,
3352,binary,legitimate,legitimate,0.8,,
13713,binary,legitimate,legitimate,0.8,,
29136,binary,phishing,legitimate,0.8,,
25441,binary,legitimate,legitimate,0.95,,
23262,binary,phishing,legitimate,0.8,,
21393,binary,legitimate,legitimate,0.95,,
27460,binary,phishing,phishing,0.8,,
27727,binary,phishing,legitimate,0.8,,
9973,binary,phishing,legitimate,0.95,,
7064,binary,legitimate,legitimate,0.8,,
4882,binary,legitimate,legitimate,0.8,,
20594,binary,phishing,legitimate,0.8,,
29677,binary,phishing,phishing,0.95,,
22776,binary,phishing,phishing,0.95,,
15991,binary,legitimate,legitimate,0.99,,
16912,binary,legitimate,legitimate,0.99,,
24805,binary,legitimate,legitimate,0.8,,
21486,binary,legitimate,legitimate,0.95,,
3806,binary,phishing,legitimate,0.8,,
5756,binary,legitimate,legitimate,0.8,,
25864,binary,legitimate,legitimate,0.8,,
11916,binary,legitimate,legitimate,0.8,,
26312,binary,phishing,legitimate,0.8,,
25804,binary,legitimate,legitimate,0.8,,
29014,binary,phishing,phishing,0.95,,
19608,binary,phishing,phishing,0.8,,
26276,binary,phishing,legitimate,0.8,,
22675,binary,phishing,phishing,0.95,,
29309,binary,phishing,phishing,0.8,,
25177,binary,legitimate,legitimate,0.95,,
12066,binary,legitimate,legitimate,0.8,,
9646,binary,phishing,legitimate,0.8,,
24330,binary,phishing,legitimate,0.8,,
21493,binary,legitimate,legitimate,0.95,,
11248,binary,legitimate,legitimate,0.95,,
9536,binary,phishing,phishing,0.8,,
26872,binary,phishing,legitimate,0.8,,
29724,binary,phishing,legitimate,0.8,,
10312,binary,phishing,legitimate,0.8,,
22482,binary,phishing,legitimate,0.8,,
11014,binary,legitimate,legitimate,0.8,,
27856,binary,phishing,legitimate,0.8,,
1583,binary,legitimate,legitimate,0.95,,
27723,binary,phishing,legitimate,0.8,,
26407,binary,phishing,phishing,0.95,,
23554,binary,phishing,legitimate,0.95,,
22214,binary,legitimate,legitimate,0.95,,
5545,binary,legitimate,legitimate,0.8,,
24711,binary,legitimate,legitimate,0.9,,
25795,binary,legitimate,legitimate,0.95,,
16174,binary,legitimate,legitimate,0.8,,
20714,binary,phishing,phishing,0.95,,
1919,binary,legitimate,legitimate,0.8,,
29638,binary,phishing,legitimate,0.8,,
2657,binary,legitimate,legitimate,0.95,,
20360,binary,phishing,phishing,0.8,,
25586,binary,legitimate,legitimate,0.8,,
6109,binary,legitimate,legitimate,0.8,,
15970,binary,legitimate,legitimate,1.0,,
13444,binary,legitimate,legitimate,0.99,,
